country,ecoSeries,ecoAPI,localAPI,localSeries,localDataset,Title,SubTitle,API_base,API_full,source,source_long,description,units,date,field,multiplier
gbr,unem,https://api.economicsobservatory.com/gbr/unem,https://api.ons.gov.uk/timeseries/MGSX/dataset/LMS/data,MGSX,LMS,Unemployment,"Ages 16 and over, % | Source: ONS through ECO API",https://api.ons.gov.uk/timeseries/{SERIES}/dataset/{DATASET}/data,https://api.ons.gov.uk/timeseries/MGSX/dataset/LMS/data,ONS,UK Office for National Statistics,"Unemployment rate, ages 16 and over, seasonally adjusted",%,months.date,months.value,1
gbr,infl,https://api.economicsobservatory.com/gbr/infl,https://api.ons.gov.uk/timeseries/L55O/dataset/MM23/data,L55O,MM23,Inflation,"All items, % | Source: ONS through ECO API",https://api.ons.gov.uk/timeseries/{SERIES}/dataset/{DATASET}/data,https://api.ons.gov.uk/timeseries/L55O/dataset/MM23/data,ONS,UK Office for National Statistics,"CPIH annual rate, All items, 2015=100",%,months.date,months.value,1
gbr,grow,https://api.economicsobservatory.com/gbr/grow,https://api.ons.gov.uk/timeseries/IHYR/dataset/QNA/data,IHYR,QNA,Growth,"Volume measure, % | Source: ONS through ECO API",https://api.ons.gov.uk/timeseries/{SERIES}/dataset/{DATASET}/data,https://api.ons.gov.uk/timeseries/IHYR/dataset/QNA/data,ONS,UK Office for National Statistics,"Gross Domestic Product, QoQ4 growth rate, CVM SA",%,quarters.date,quarters.value,1
gbr,prod,https://api.economicsobservatory.com/gbr/prod,https://api.ons.gov.uk/timeseries/LZVB/dataset/PRDY/data,LZVB,PRDY,Productivity,"Output per hour, Index, base year = 100 | Source: ONS through ECO API",https://api.ons.gov.uk/timeseries/{SERIES}/dataset/{DATASET}/data,https://api.ons.gov.uk/timeseries/LZVB/dataset/PRDY/data,ONS,UK Office for National Statistics,"Output per hour worked SA, UK Whole Economy, Index 2019 = 100","Index, base year = 100",quarters.date,quarters.value,1
gbr,inac,https://api.economicsobservatory.com/gbr/inac,https://api.ons.gov.uk/timeseries/LF4T/dataset/LMS/data,LF4T,LMS,Inactivity,"Age 16-64, % workforce | Source: ONS through ECO API",https://api.ons.gov.uk/timeseries/{SERIES}/dataset/{DATASET}/data,https://api.ons.gov.uk/timeseries/LF4T/dataset/LMS/data,ONS,UK Office for National Statistics,"LFS, Economic inactivity rate, Aged 16-64, GB, All, SA",%,months.date,months.value,1
gbr,expo,https://api.economicsobservatory.com/gbr/expo,https://api.ons.gov.uk/timeseries/LQAD/dataset/UKEA/data,LQAD,UKEA,Exports,"Goods, Â£ million GBP | Source: ONS through ECO API",https://api.ons.gov.uk/timeseries/{SERIES}/dataset/{DATASET}/data,https://api.ons.gov.uk/timeseries/LQAD/dataset/UKEA/data,ONS,UK Office for National Statistics,"Trade in Goods, T, WW, Exports, BOP, CP, NSA",Â£ million,quarters.date,quarters.value,1
gbr,impo,https://api.economicsobservatory.com/gbr/impo,https://api.ons.gov.uk/timeseries/LQBL/dataset/UKEA/data,LQBL,UKEA,Imports,"Goods, Â£ million GBP | Source: ONS through ECO API",https://api.ons.gov.uk/timeseries/{SERIES}/dataset/{DATASET}/data,https://api.ons.gov.uk/timeseries/LQBL/dataset/UKEA/data,ONS,UK Office for National Statistics,"Trade in Goods, T, WW, Imports, BOP, CP, NSA",Â£ million,quarters.date,quarters.value,1
gbr,debt,https://api.economicsobservatory.com/gbr/debt,https://api.ons.gov.uk/timeseries/HF6X/dataset/PUSF/data,HF6X,PUSF,Debt,"Public sector net debt, % GDP | Source: ONS through ECO API",https://api.ons.gov.uk/timeseries/{SERIES}/dataset/{DATASET}/data,https://api.ons.gov.uk/timeseries/HF6X/dataset/PUSF/data,ONS,UK Office for National Statistics,"PS, Net Debt as a % of GDP, NSA",% of GDP,months.date,months.value,1
gbr,army,https://api.economicsobservatory.com/gbr/army,https://api.ons.gov.uk/timeseries/C9LL/dataset/PSE/data,C9LL,PSE,Military,"Employment, thousands | Source: ONS through ECO API",https://api.ons.gov.uk/timeseries/{SERIES}/dataset/{DATASET}/data,https://api.ons.gov.uk/timeseries/C9LL/dataset/PSE/data,ONS,UK Office for National Statistics,"Public Sector Employment by Industry, HM Forces, UK, FTE, NSA, Thousands",thousands,quarters.date,quarters.value,1
gbr,psem,https://api.economicsobservatory.com/gbr/psem,https://api.ons.gov.uk/timeseries/G7G3/dataset/PSE/data,G7G3,PSE,Public Sector,"Employment, thousands | Source: ONS through ECO API",https://api.ons.gov.uk/timeseries/{SERIES}/dataset/{DATASET}/data,https://api.ons.gov.uk/timeseries/G7G3/dataset/PSE/data,ONS,UK Office for National Statistics,"Public Sector Employment by Industry, Total Public Sector, UK, FTE, NSA, Thousands",thousands,quarters.date,quarters.value,1
gbr,poem,https://api.economicsobservatory.com/gbr/poem,https://api.ons.gov.uk/timeseries/C9LM/dataset/PSE/data,C9LM,PSE,Police,"Employment, thousands | Source: ONS through ECO API",https://api.ons.gov.uk/timeseries/{SERIES}/dataset/{DATASET}/data,https://api.ons.gov.uk/timeseries/C9LM/dataset/PSE/data,ONS,UK Office for National Statistics,"Public Sector Employment by Industry, Police, UK, FTE, NSA, Thousands",thousands,quarters.date,quarters.value,1
gbr,teem,https://api.economicsobservatory.com/gbr/teem,https://api.ons.gov.uk/timeseries/G7GI/dataset/PSE/data,G7GI,PSE,Teachers,"Employment, thousands | Source: ONS through ECO API",https://api.ons.gov.uk/timeseries/{SERIES}/dataset/{DATASET}/data,https://api.ons.gov.uk/timeseries/G7GI/dataset/PSE/data,ONS,UK Office for National Statistics,"Public Sector Employment by Industry, Education, UK, FTE, NSA, Thousands",thousands,quarters.date,quarters.value,1
gbr,redu,https://api.economicsobservatory.com/gbr/redu,https://api.ons.gov.uk/timeseries/BEAO/dataset/LMS/data,BEAO,LMS,Redundancies,"UK, thousands | Source: ONS through ECO API",https://api.ons.gov.uk/timeseries/{SERIES}/dataset/{DATASET}/data,https://api.ons.gov.uk/timeseries/BEAO/dataset/LMS/data,ONS,UK Office for National Statistics,"LFS, ILO redundancy level, UK, All, SA",thousands,months.date,months.value,1
gbr,long,https://api.economicsobservatory.com/gbr/long,https://api.ons.gov.uk/timeseries/LWZV/dataset/LMS/data,LWZV,LMS,Long weeks,"45+ hours work, % employees | Source: ONS through ECO API",https://api.ons.gov.uk/timeseries/{SERIES}/dataset/{DATASET}/data,https://api.ons.gov.uk/timeseries/LWZV/dataset/LMS/data,ONS,UK Office for National Statistics,"Usual weekly hours of work, Employees over 45 hrs, UK, All, SA",%,months.date,months.value,1
usa,unem,https://api.economicsobservatory.com/usa/unem,https://api.stlouisfed.org/fred/series/observations?api_key=22ee7a76e736e32f54f5df0a7171538d&file_type=json&series_id=UNRATE,UNRATE,,Unemployment,"Ages 16 and over, % | Source: FRED through ECO API",https://api.stlouisfed.org/fred/series/observations?api_key=22ee7a76e736e32f54f5df0a7171538d&file_type=json&series_id=,https://api.stlouisfed.org/fred/series/observations?api_key=22ee7a76e736e32f54f5df0a7171538d&file_type=json&series_id=UNRATE,FRED,US Federal Reserve Economic Data,,%,observations.date,observations.value,1
usa,infl,https://api.economicsobservatory.com/usa/infl,https://api.stlouisfed.org/fred/series/observations?api_key=22ee7a76e736e32f54f5df0a7171538d&file_type=json&series_id=CPIAUCSL,CPIAUCSL,,Inflation,"CPI all urban consumers, % | Source: FRED through ECO API",https://api.stlouisfed.org/fred/series/observations?api_key=22ee7a76e736e32f54f5df0a7171538d&file_type=json&series_id=,https://api.stlouisfed.org/fred/series/observations?api_key=22ee7a76e736e32f54f5df0a7171538d&file_type=json&series_id=CPIAUCSL,FRED,US Federal Reserve Economic Data,,%,observations.date,observations.value,1
usa,grow,https://api.economicsobservatory.com/usa/grow,https://api.stlouisfed.org/fred/series/observations?api_key=22ee7a76e736e32f54f5df0a7171538d&file_type=json&series_id=GDPC1,GDPC1,,Growth,"Real GDP, % | Source: FRED through ECO API",https://api.stlouisfed.org/fred/series/observations?api_key=22ee7a76e736e32f54f5df0a7171538d&file_type=json&series_id=,https://api.stlouisfed.org/fred/series/observations?api_key=22ee7a76e736e32f54f5df0a7171538d&file_type=json&series_id=GDPC1,FRED,US Federal Reserve Economic Data,,%,observations.date,observations.value,1
usa,prod,https://api.economicsobservatory.com/usa/prod,https://api.stlouisfed.org/fred/series/observations?api_key=22ee7a76e736e32f54f5df0a7171538d&file_type=json&series_id=OPHNFB,OPHNFB,,Productivity,"Output per hour, Index 2012 = 100, Seasonally Adjusted | Source: FRED through ECO API",https://api.stlouisfed.org/fred/series/observations?api_key=22ee7a76e736e32f54f5df0a7171538d&file_type=json&series_id=,https://api.stlouisfed.org/fred/series/observations?api_key=22ee7a76e736e32f54f5df0a7171538d&file_type=json&series_id=OPHNFB,FRED,US Federal Reserve Economic Data,,"Index 2012 = 100, Seasonally Adjusted",observations.date,observations.value,1
usa,inac,https://api.economicsobservatory.com/usa/inac,https://api.stlouisfed.org/fred/series/observations?api_key=22ee7a76e736e32f54f5df0a7171538d&file_type=json&series_id=LRIN64TTUSQ156S,LRIN64TTUSQ156S,,Inactivity,"Age 15-64, % workforce | Source: FRED through ECO API",https://api.stlouisfed.org/fred/series/observations?api_key=22ee7a76e736e32f54f5df0a7171538d&file_type=json&series_id=,https://api.stlouisfed.org/fred/series/observations?api_key=22ee7a76e736e32f54f5df0a7171538d&file_type=json&series_id=LRIN64TTUSQ156S,FRED,US Federal Reserve Economic Data,,%,observations.date,observations.value,1
usa,debt,https://api.economicsobservatory.com/usa/debt,https://api.stlouisfed.org/fred/series/observations?api_key=22ee7a76e736e32f54f5df0a7171538d&file_type=json&series_id=GFDEGDQ188S,GFDEGDQ188S,,Debt,"Public Sector Net Debt, % GDP | Source: FRED through ECO API",https://api.stlouisfed.org/fred/series/observations?api_key=22ee7a76e736e32f54f5df0a7171538d&file_type=json&series_id=,https://api.stlouisfed.org/fred/series/observations?api_key=22ee7a76e736e32f54f5df0a7171538d&file_type=json&series_id=GFDEGDQ188S,FRED,US Federal Reserve Economic Data,,"% of GDP, Seasonally Adjusted",observations.date,observations.value,1
usa,expo,https://api.economicsobservatory.com/usa/expo,https://api.stlouisfed.org/fred/series/observations?api_key=22ee7a76e736e32f54f5df0a7171538d&file_type=json&series_id=EXPGS,EXPGS,,Exports,"Goods and Services, $ billion USD | Source: FRED through ECO API",https://api.stlouisfed.org/fred/series/observations?api_key=22ee7a76e736e32f54f5df0a7171538d&file_type=json&series_id=,https://api.stlouisfed.org/fred/series/observations?api_key=22ee7a76e736e32f54f5df0a7171538d&file_type=json&series_id=EXPGS,FRED,US Federal Reserve Economic Data,,"$ billion USD, Seasonally Adjusted Annual Rate",observations.date,observations.value,1
usa,impo,https://api.economicsobservatory.com/usa/impo,https://api.stlouisfed.org/fred/series/observations?api_key=22ee7a76e736e32f54f5df0a7171538d&file_type=json&series_id=IMPGS,IMPGS,,Imports,"Goods and Services, $ billion USD | Source: FRED through ECO API",https://api.stlouisfed.org/fred/series/observations?api_key=22ee7a76e736e32f54f5df0a7171538d&file_type=json&series_id=,https://api.stlouisfed.org/fred/series/observations?api_key=22ee7a76e736e32f54f5df0a7171538d&file_type=json&series_id=IMPGS,FRED,US Federal Reserve Economic Data,,"$ billion USD, Seasonally Adjusted Annual Rate",observations.date,observations.value,1
usa,army,https://api.economicsobservatory.com/usa/army,https://api.stlouisfed.org/fred/series/observations?api_key=22ee7a76e736e32f54f5df0a7171538d&file_type=json&series_id=B4380C0A173NBEA,B4380C0A173NBEA,,Military,"Employment, thousands | Source: FRED through ECO API",https://api.stlouisfed.org/fred/series/observations?api_key=22ee7a76e736e32f54f5df0a7171538d&file_type=json&series_id=,https://api.stlouisfed.org/fred/series/observations?api_key=22ee7a76e736e32f54f5df0a7171538d&file_type=json&series_id=B4380C0A173NBEA,FRED,US Federal Reserve Economic Data,,thousands,observations.date,observations.value,1
usa,debc,https://api.economicsobservatory.com/usa/debc,https://api.stlouisfed.org/fred/series/observations?api_key=22ee7a76e736e32f54f5df0a7171538d&file_type=json&series_id=DGS10,DGS10,,Debt costs,10 year government bond yield,https://api.stlouisfed.org/fred/series/observations?api_key=22ee7a76e736e32f54f5df0a7171538d&file_type=json&series_id=,https://api.stlouisfed.org/fred/series/observations?api_key=22ee7a76e736e32f54f5df0a7171538d&file_type=json&series_id=DGS10,FRED,US Federal Reserve Economic Data,,%,observations.date,observations.value,1
usa,rate,https://api.economicsobservatory.com/usa/rate,https://api.stlouisfed.org/fred/series/observations?api_key=22ee7a76e736e32f54f5df0a7171538d&file_type=json&series_id=DFF,DFF,,Fed Funds,"Effective Federal Reserve Rate, % | Source: FRED through ECO API",https://api.stlouisfed.org/fred/series/observations?api_key=22ee7a76e736e32f54f5df0a7171538d&file_type=json&series_id=,https://api.stlouisfed.org/fred/series/observations?api_key=22ee7a76e736e32f54f5df0a7171538d&file_type=json&series_id=DFF,FRED,US Federal Reserve Economic Data,,%,observations.date,observations.value,1
usa,empd,https://api.economicsobservatory.com/usa/empd,https://api.stlouisfed.org/fred/series/observations?api_key=22ee7a76e736e32f54f5df0a7171538d&file_type=json&series_id=PAYEMS,PAYEMS,,Employed,"Non-farm payroll, thousands | Source: FRED through ECO API",https://api.stlouisfed.org/fred/series/observations?api_key=22ee7a76e736e32f54f5df0a7171538d&file_type=json&series_id=,https://api.stlouisfed.org/fred/series/observations?api_key=22ee7a76e736e32f54f5df0a7171538d&file_type=json&series_id=PAYEMS,FRED,US Federal Reserve Economic Data,,thousands,observations.date,observations.value,1
usa,wage,https://api.economicsobservatory.com/usa/wage,https://api.stlouisfed.org/fred/series/observations?api_key=22ee7a76e736e32f54f5df0a7171538d&file_type=json&series_id=LES1252881600Q,LES1252881600Q,,Weekly wage,"Median weekly real earnings, wage and salary workers, 16 years and over, 1982-84 CPI Adjusted Dollars, Seasonally Adjusted | Source: FRED through ECO API",https://api.stlouisfed.org/fred/series/observations?api_key=22ee7a76e736e32f54f5df0a7171538d&file_type=json&series_id=,https://api.stlouisfed.org/fred/series/observations?api_key=22ee7a76e736e32f54f5df0a7171538d&file_type=json&series_id=LES1252881600Q,FRED,US Federal Reserve Economic Data,,"1982-84 CPI Adjusted Dollars, Seasonally Adjusted",observations.date,observations.value,1
usa,houp,https://api.economicsobservatory.com/usa/houp,https://api.stlouisfed.org/fred/series/observations?api_key=22ee7a76e736e32f54f5df0a7171538d&file_type=json&series_id=USSTHPI,USSTHPI,,House Prices,"Average, Index 1980 Q1 = 100, | Source: FRED through ECO API",https://api.stlouisfed.org/fred/series/observations?api_key=22ee7a76e736e32f54f5df0a7171538d&file_type=json&series_id=,https://api.stlouisfed.org/fred/series/observations?api_key=22ee7a76e736e32f54f5df0a7171538d&file_type=json&series_id=USSTHPI,FRED,US Federal Reserve Economic Data,,Index 1980 Q1 = 100,observations.date,observations.value,1
usa,ineq,https://api.economicsobservatory.com/usa/ineq,https://api.stlouisfed.org/fred/series/observations?api_key=22ee7a76e736e32f54f5df0a7171538d&file_type=json&series_id=SIPOVGINIUSA,SIPOVGINIUSA,,Inequality,"Gini coefficient, Disposable income | Source: FRED through ECO API",https://api.stlouisfed.org/fred/series/observations?api_key=22ee7a76e736e32f54f5df0a7171538d&file_type=json&series_id=,https://api.stlouisfed.org/fred/series/observations?api_key=22ee7a76e736e32f54f5df0a7171538d&file_type=json&series_id=SIPOVGINIUSA,FRED,US Federal Reserve Economic Data,,Index,observations.date,observations.value,1
can,unem,https://api.economicsobservatory.com/can/unem,https://www150.statcan.gc.ca/t1/wds/rest/getDataFromVectorByReferencePeriodRange?startRefPeriod=1900-01-01&endReferencePeriod=2025-01-01&vectorIds=2062815,2062815,14100287,Unemployment,% | Source: STATCAN through ECO API,https://www150.statcan.gc.ca/t1/wds/rest/getDataFromVectorByReferencePeriodRange?startRefPeriod=1900-01-01&endReferencePeriod=2025-01-01&vectorIds=,https://www150.statcan.gc.ca/t1/wds/rest/getDataFromVectorByReferencePeriodRange?startRefPeriod=1900-01-01&endReferencePeriod=2025-01-01&vectorIds=2062815,STATCAN,Statistics Canada,,%,object.vectorDataPoint.refPer,object.vectorDataPoint.value,1
can,infl,https://api.economicsobservatory.com/can/infl,https://www150.statcan.gc.ca/t1/wds/rest/getDataFromVectorByReferencePeriodRange?startRefPeriod=1900-01-01&endReferencePeriod=2025-01-01&vectorIds=108785713,108785713,18100256,Inflation,"CPI all, % | Source: STATCAN through ECO API",https://www150.statcan.gc.ca/t1/wds/rest/getDataFromVectorByReferencePeriodRange?startRefPeriod=1900-01-01&endReferencePeriod=2025-01-01&vectorIds=,https://www150.statcan.gc.ca/t1/wds/rest/getDataFromVectorByReferencePeriodRange?startRefPeriod=1900-01-01&endReferencePeriod=2025-01-01&vectorIds=108785713,STATCAN,Statistics Canada,,%,object.vectorDataPoint.refPer,object.vectorDataPoint.value,1
can,popu,https://api.economicsobservatory.com/can/popu,https://www150.statcan.gc.ca/t1/wds/rest/getDataFromVectorByReferencePeriodRange?startRefPeriod=1900-01-01&endReferencePeriod=2025-01-01&vectorIds=2062809,2062809,14100287,Population,Thousands | Source: STATCAN through ECO API,https://www150.statcan.gc.ca/t1/wds/rest/getDataFromVectorByReferencePeriodRange?startRefPeriod=1900-01-01&endReferencePeriod=2025-01-01&vectorIds=,https://www150.statcan.gc.ca/t1/wds/rest/getDataFromVectorByReferencePeriodRange?startRefPeriod=1900-01-01&endReferencePeriod=2025-01-01&vectorIds=2062809,STATCAN,Statistics Canada,,thousands,object.vectorDataPoint.refPer,object.vectorDataPoint.value,1
can,labo,https://api.economicsobservatory.com/can/labo,https://www150.statcan.gc.ca/t1/wds/rest/getDataFromVectorByReferencePeriodRange?startRefPeriod=1900-01-01&endReferencePeriod=2025-01-01&vectorIds=2062810,2062810,14100287,Labour force,Thousands | Source: STATCAN through ECO API,https://www150.statcan.gc.ca/t1/wds/rest/getDataFromVectorByReferencePeriodRange?startRefPeriod=1900-01-01&endReferencePeriod=2025-01-01&vectorIds=,https://www150.statcan.gc.ca/t1/wds/rest/getDataFromVectorByReferencePeriodRange?startRefPeriod=1900-01-01&endReferencePeriod=2025-01-01&vectorIds=2062810,STATCAN,Statistics Canada,,thousands,object.vectorDataPoint.refPer,object.vectorDataPoint.value,1
can,empd,https://api.economicsobservatory.com/can/empd,https://www150.statcan.gc.ca/t1/wds/rest/getDataFromVectorByReferencePeriodRange?startRefPeriod=1900-01-01&endReferencePeriod=2025-01-01&vectorIds=2062811,2062811,14100287,Employed,Thousands | Source: STATCAN through ECO API,https://www150.statcan.gc.ca/t1/wds/rest/getDataFromVectorByReferencePeriodRange?startRefPeriod=1900-01-01&endReferencePeriod=2025-01-01&vectorIds=,https://www150.statcan.gc.ca/t1/wds/rest/getDataFromVectorByReferencePeriodRange?startRefPeriod=1900-01-01&endReferencePeriod=2025-01-01&vectorIds=2062811,STATCAN,Statistics Canada,,thousands,object.vectorDataPoint.refPer,object.vectorDataPoint.value,1
can,empl,https://api.economicsobservatory.com/can/empl,https://www150.statcan.gc.ca/t1/wds/rest/getDataFromVectorByReferencePeriodRange?startRefPeriod=1900-01-01&endReferencePeriod=2025-01-01&vectorIds=2062817,2062817,14100287,Employment rate,% | Source: STATCAN through ECO API,https://www150.statcan.gc.ca/t1/wds/rest/getDataFromVectorByReferencePeriodRange?startRefPeriod=1900-01-01&endReferencePeriod=2025-01-01&vectorIds=,https://www150.statcan.gc.ca/t1/wds/rest/getDataFromVectorByReferencePeriodRange?startRefPeriod=1900-01-01&endReferencePeriod=2025-01-01&vectorIds=2062817,STATCAN,Statistics Canada,,%,object.vectorDataPoint.refPer,object.vectorDataPoint.value,1
can,fcxp,https://api.economicsobservatory.com/can/fcxp,https://www150.statcan.gc.ca/t1/wds/rest/getDataFromVectorByReferencePeriodRange?startRefPeriod=1900-01-01&endReferencePeriod=2025-01-01&vectorIds=62305723,62305723,36100104,Final consumption expenditure,$ million CAD | Source: STATCAN through ECO API,https://www150.statcan.gc.ca/t1/wds/rest/getDataFromVectorByReferencePeriodRange?startRefPeriod=1900-01-01&endReferencePeriod=2025-01-01&vectorIds=,https://www150.statcan.gc.ca/t1/wds/rest/getDataFromVectorByReferencePeriodRange?startRefPeriod=1900-01-01&endReferencePeriod=2025-01-01&vectorIds=62305723,STATCAN,Statistics Canada,,$ million CAD,object.vectorDataPoint.refPer,object.vectorDataPoint.value,1
can,good,https://api.economicsobservatory.com/can/good,https://www150.statcan.gc.ca/t1/wds/rest/getDataFromVectorByReferencePeriodRange?startRefPeriod=1900-01-01&endReferencePeriod=2025-01-01&vectorIds=62305725,62305725,36100104,Goods,$ million CAD | Source: STATCAN through ECO API,https://www150.statcan.gc.ca/t1/wds/rest/getDataFromVectorByReferencePeriodRange?startRefPeriod=1900-01-01&endReferencePeriod=2025-01-01&vectorIds=,https://www150.statcan.gc.ca/t1/wds/rest/getDataFromVectorByReferencePeriodRange?startRefPeriod=1900-01-01&endReferencePeriod=2025-01-01&vectorIds=62305725,STATCAN,Statistics Canada,,$ million CAD,object.vectorDataPoint.refPer,object.vectorDataPoint.value,1
can,serv,https://api.economicsobservatory.com/can/serv,https://www150.statcan.gc.ca/t1/wds/rest/getDataFromVectorByReferencePeriodRange?startRefPeriod=1900-01-01&endReferencePeriod=2025-01-01&vectorIds=62305729,62305729,36100104,Services,$ million CAD | Source: STATCAN through ECO API,https://www150.statcan.gc.ca/t1/wds/rest/getDataFromVectorByReferencePeriodRange?startRefPeriod=1900-01-01&endReferencePeriod=2025-01-01&vectorIds=,https://www150.statcan.gc.ca/t1/wds/rest/getDataFromVectorByReferencePeriodRange?startRefPeriod=1900-01-01&endReferencePeriod=2025-01-01&vectorIds=62305729,STATCAN,Statistics Canada,,$ million CAD,object.vectorDataPoint.refPer,object.vectorDataPoint.value,1
can,debt,https://api.economicsobservatory.com/can/debt,https://www150.statcan.gc.ca/t1/wds/rest/getDataFromVectorByReferencePeriodRange?startRefPeriod=1900-01-01&endReferencePeriod=2025-01-01&vectorIds=86822802,,,Debt,,https://www150.statcan.gc.ca/t1/wds/rest/getDataFromVectorByReferencePeriodRange?startRefPeriod=1900-01-01&endReferencePeriod=2025-01-01&vectorIds=,https://www150.statcan.gc.ca/t1/wds/rest/getDataFromVectorByReferencePeriodRange?startRefPeriod=1900-01-01&endReferencePeriod=2025-01-01&vectorIds=86822802,STATCAN,Statistics Canada,,,object.vectorDataPoint.refPer,object.vectorDataPoint.value,2
can,by10,https://api.economicsobservatory.com/can/by10,https://www150.statcan.gc.ca/t1/wds/rest/getDataFromVectorByReferencePeriodRange?startRefPeriod=1900-01-01&endReferencePeriod=2025-01-01&vectorIds=39055,,,10-year bond yield,,https://www150.statcan.gc.ca/t1/wds/rest/getDataFromVectorByReferencePeriodRange?startRefPeriod=1900-01-01&endReferencePeriod=2025-01-01&vectorIds=,https://www150.statcan.gc.ca/t1/wds/rest/getDataFromVectorByReferencePeriodRange?startRefPeriod=1900-01-01&endReferencePeriod=2025-01-01&vectorIds=39055,STATCAN,Statistics Canada,,,object.vectorDataPoint.refPer,object.vectorDataPoint.value,3
can,grow,https://api.economicsobservatory.com/can/grow,https://www150.statcan.gc.ca/t1/wds/rest/getDataFromVectorByReferencePeriodRange?startRefPeriod=1900-01-01&endReferencePeriod=2025-01-01&vectorIds=2622176,,,Growth rate,,https://www150.statcan.gc.ca/t1/wds/rest/getDataFromVectorByReferencePeriodRange?startRefPeriod=1900-01-01&endReferencePeriod=2025-01-01&vectorIds=,https://www150.statcan.gc.ca/t1/wds/rest/getDataFromVectorByReferencePeriodRange?startRefPeriod=1900-01-01&endReferencePeriod=2025-01-01&vectorIds=2622176,STATCAN,Statistics Canada,,,object.vectorDataPoint.refPer,object.vectorDataPoint.value,5
can,prod,https://api.economicsobservatory.com/can/prod,https://www150.statcan.gc.ca/t1/wds/rest/getDataFromVectorByReferencePeriodRange?startRefPeriod=1900-01-01&endReferencePeriod=2025-01-01&vectorIds=111384112,,,Productivity,,https://www150.statcan.gc.ca/t1/wds/rest/getDataFromVectorByReferencePeriodRange?startRefPeriod=1900-01-01&endReferencePeriod=2025-01-01&vectorIds=,https://www150.statcan.gc.ca/t1/wds/rest/getDataFromVectorByReferencePeriodRange?startRefPeriod=1900-01-01&endReferencePeriod=2025-01-01&vectorIds=111384112,STATCAN,Statistics Canada,,,object.vectorDataPoint.refPer,object.vectorDataPoint.value,11
can,ineq,https://api.economicsobservatory.com/can/ineq,https://www150.statcan.gc.ca/t1/wds/rest/getDataFromVectorByReferencePeriodRange?startRefPeriod=1900-01-01&endReferencePeriod=2025-01-01&vectorIds=96439636,,,Inequality,,https://www150.statcan.gc.ca/t1/wds/rest/getDataFromVectorByReferencePeriodRange?startRefPeriod=1900-01-01&endReferencePeriod=2025-01-01&vectorIds=,https://www150.statcan.gc.ca/t1/wds/rest/getDataFromVectorByReferencePeriodRange?startRefPeriod=1900-01-01&endReferencePeriod=2025-01-01&vectorIds=96439636,STATCAN,Statistics Canada,,,object.vectorDataPoint.refPer,object.vectorDataPoint.value,13
can,wage,https://api.economicsobservatory.com/can/wage,https://www150.statcan.gc.ca/t1/wds/rest/getDataFromVectorByReferencePeriodRange?startRefPeriod=1900-01-01&endReferencePeriod=2025-01-01&vectorIds=105812714,,,Weekly wage,,https://www150.statcan.gc.ca/t1/wds/rest/getDataFromVectorByReferencePeriodRange?startRefPeriod=1900-01-01&endReferencePeriod=2025-01-01&vectorIds=,https://www150.statcan.gc.ca/t1/wds/rest/getDataFromVectorByReferencePeriodRange?startRefPeriod=1900-01-01&endReferencePeriod=2025-01-01&vectorIds=105812714,STATCAN,Statistics Canada,,,object.vectorDataPoint.refPer,object.vectorDataPoint.value,15
aus,infl,https://api.economicsobservatory.com/aus/infl,https://api.data.abs.gov.au/data/CPI/3.10001.10.50.Q?detail=dataonly&format=jsondata,3.10001.10.50.Q,CPI,Inflation,CPI all,https://api.data.abs.gov.au/data/${y}/${x}?detail=dataonly&format=csv,https://api.data.abs.gov.au/data/CPI/3.10001.10.50.Q?detail=dataonly&format=jsondata,ABS,Australian Bureau of Statistics,,,TIME_PERIOD,OBS_VALUE,1
aus,inff,https://api.economicsobservatory.com/aus/inff,https://api.data.abs.gov.au/data/CPI/3.20001.10.50.Q?detail=dataonly&format=jsondata,3.20001.10.50.Q,CPI,Inflation - food,And non-alcoholic drink,https://api.data.abs.gov.au/data/${y}/${x}?detail=dataonly&format=csv,https://api.data.abs.gov.au/data/CPI/3.20001.10.50.Q?detail=dataonly&format=jsondata,ABS,Australian Bureau of Statistics,,,TIME_PERIOD,OBS_VALUE,1
aus,infc,https://api.economicsobservatory.com/aus/infc,https://api.data.abs.gov.au/data/CPI/3.131197.10.50.Q?detail=dataonly&format=jsondata,3.131197.10.50.Q,CPI,Inflation - core,Ex food and energy,https://api.data.abs.gov.au/data/${y}/${x}?detail=dataonly&format=csv,https://api.data.abs.gov.au/data/CPI/3.131197.10.50.Q?detail=dataonly&format=jsondata,ABS,Australian Bureau of Statistics,,,TIME_PERIOD,OBS_VALUE,1
aus,infb,https://api.economicsobservatory.com/aus/infb,https://api.data.abs.gov.au/data/CPI/3.40087.10.50.Q?detail=dataonly&format=jsondata,3.40087.10.50.Q,CPI,Inflation - beer,Effective Federal Reserve Rate,https://api.data.abs.gov.au/data/${y}/${x}?detail=dataonly&format=csv,https://api.data.abs.gov.au/data/CPI/3.40087.10.50.Q?detail=dataonly&format=jsondata,ABS,Australian Bureau of Statistics,,,TIME_PERIOD,OBS_VALUE,1
aus,empd,https://api.economicsobservatory.com/aus/empd,https://api.data.abs.gov.au/data/ABS_LABOUR_ACCT/M9.AUS.TOTAL.A?detail=dataonly&format=jsondata,M9.AUS.TOTAL.A,ABS_LABOUR_ACCT,Employed,Total jobs all industries,https://api.data.abs.gov.au/data/${y}/${x}?detail=dataonly&format=csv,https://api.data.abs.gov.au/data/ABS_LABOUR_ACCT/M9.AUS.TOTAL.A?detail=dataonly&format=jsondata,ABS,Australian Bureau of Statistics,,,TIME_PERIOD,OBS_VALUE,1
aus,inco,https://api.economicsobservatory.com/aus/inco,https://api.data.abs.gov.au/data/ABS_LABOUR_ACCT/M1.AUS.TOTAL.A?detail=dataonly&format=jsondata,M1.AUS.TOTAL.A,ABS_LABOUR_ACCT,Income,Average,https://api.data.abs.gov.au/data/${y}/${x}?detail=dataonly&format=csv,https://api.data.abs.gov.au/data/ABS_LABOUR_ACCT/M1.AUS.TOTAL.A?detail=dataonly&format=jsondata,ABS,Australian Bureau of Statistics,,,TIME_PERIOD,OBS_VALUE,1
aus,hour,https://api.economicsobservatory.com/aus/hour,https://api.data.abs.gov.au/data/ABS_LABOUR_ACCT/M6.AUS.TOTAL.A?detail=dataonly&format=jsondata,M6.AUS.TOTAL.A,ABS_LABOUR_ACCT,Hours,Average per job,https://api.data.abs.gov.au/data/${y}/${x}?detail=dataonly&format=csv,https://api.data.abs.gov.au/data/ABS_LABOUR_ACCT/M6.AUS.TOTAL.A?detail=dataonly&format=jsondata,ABS,Australian Bureau of Statistics,,,TIME_PERIOD,OBS_VALUE,1
aus,vaca,https://api.economicsobservatory.com/aus/vaca,https://api.data.abs.gov.au/data/ABS_LABOUR_ACCT/M10.AUS.TOTAL.A?detail=dataonly&format=jsondata,M10.AUS.TOTAL.A,ABS_LABOUR_ACCT,Vacancies,Number,https://api.data.abs.gov.au/data/${y}/${x}?detail=dataonly&format=csv,https://api.data.abs.gov.au/data/ABS_LABOUR_ACCT/M10.AUS.TOTAL.A?detail=dataonly&format=jsondata,ABS,Australian Bureau of Statistics,,,TIME_PERIOD,OBS_VALUE,1
aus,uned,https://api.economicsobservatory.com/aus/uned,https://api.data.abs.gov.au/data/ABS_LABOUR_ACCT/M24.AUS.TOTAL.A?detail=dataonly&format=jsondata,M24.AUS.TOTAL.A,ABS_LABOUR_ACCT,Unemployed,LFS,https://api.data.abs.gov.au/data/${y}/${x}?detail=dataonly&format=csv,https://api.data.abs.gov.au/data/ABS_LABOUR_ACCT/M24.AUS.TOTAL.A?detail=dataonly&format=jsondata,ABS,Australian Bureau of Statistics,,,TIME_PERIOD,OBS_VALUE,1
aus,unde,https://api.economicsobservatory.com/aus/unde,https://api.data.abs.gov.au/data/ABS_LABOUR_ACCT/M27.AUS.TOTAL.A?detail=dataonly&format=jsondata,M27.AUS.TOTAL.A,ABS_LABOUR_ACCT,Underemployed,LFS,https://api.data.abs.gov.au/data/${y}/${x}?detail=dataonly&format=csv,https://api.data.abs.gov.au/data/ABS_LABOUR_ACCT/M27.AUS.TOTAL.A?detail=dataonly&format=jsondata,ABS,Australian Bureau of Statistics,,,TIME_PERIOD,OBS_VALUE,1
aus,inac,https://api.economicsobservatory.com/aus/inac,https://api.data.abs.gov.au/data/ABS_LABOUR_ACCT/M26.AUS.TOTAL.A?detail=dataonly&format=jsondata,M26.AUS.TOTAL.A,ABS_LABOUR_ACCT,Inactive,LFS,https://api.data.abs.gov.au/data/${y}/${x}?detail=dataonly&format=csv,https://api.data.abs.gov.au/data/ABS_LABOUR_ACCT/M26.AUS.TOTAL.A?detail=dataonly&format=jsondata,ABS,Australian Bureau of Statistics,,,TIME_PERIOD,OBS_VALUE,1
aus,gdpn,https://api.economicsobservatory.com/aus/gdpn,https://api.data.abs.gov.au/data/ANA_AGG/M1.GPM.10.AUS.Q?detail=dataonly&format=jsondata,M1.GPM.10.AUS.Q,ANA_AGG,GDP,Volume measure,https://api.data.abs.gov.au/data/${y}/${x}?detail=dataonly&format=csv,https://api.data.abs.gov.au/data/ANA_AGG/M1.GPM.10.AUS.Q?detail=dataonly&format=jsondata,ABS,Australian Bureau of Statistics,,,TIME_PERIOD,OBS_VALUE,1
aus,gdpp,https://api.economicsobservatory.com/aus/gdpp,https://api.data.abs.gov.au/data/ANA_AGG/M1.GPM_PCA.10.AUS.Q?detail=dataonly&format=jsondata,M1.GPM_PCA.10.AUS.Q,ANA_AGG,GDP per capita,,https://api.data.abs.gov.au/data/${y}/${x}?detail=dataonly&format=csv,https://api.data.abs.gov.au/data/ANA_AGG/M1.GPM_PCA.10.AUS.Q?detail=dataonly&format=jsondata,ABS,Australian Bureau of Statistics,,,TIME_PERIOD,OBS_VALUE,1
aus,save,https://api.economicsobservatory.com/aus/save,https://api.data.abs.gov.au/data/ANA_AGG/M7.HSR.10.AUS.Q?detail=dataonly&format=jsondata,M7.HSR.10.AUS.Q,ANA_AGG,Saving rate,,https://api.data.abs.gov.au/data/${y}/${x}?detail=dataonly&format=csv,https://api.data.abs.gov.au/data/ANA_AGG/M7.HSR.10.AUS.Q?detail=dataonly&format=jsondata,ABS,Australian Bureau of Statistics,,,TIME_PERIOD,OBS_VALUE,1
aus,prod,https://api.economicsobservatory.com/aus/prod,https://api.data.abs.gov.au/data/ANA_AGG/M5.GVA_MKT_PHW.10.AUS.Q?detail=dataonly&format=jsondata,M5.GVA_MKT_PHW.10.AUS.Q,ANA_AGG,Productivity,Output per hour - index,https://api.data.abs.gov.au/data/${y}/${x}?detail=dataonly&format=csv,https://api.data.abs.gov.au/data/ANA_AGG/M5.GVA_MKT_PHW.10.AUS.Q?detail=dataonly&format=jsondata,ABS,Australian Bureau of Statistics,,,TIME_PERIOD,OBS_VALUE,1
aus,term,https://api.economicsobservatory.com/aus/term,https://api.data.abs.gov.au/data/ANA_AGG/M5.TTR.10.AUS.Q?detail=dataonly&format=jsondata,M5.TTR.10.AUS.Q,ANA_AGG,Terms of Trade,Index,https://api.data.abs.gov.au/data/${y}/${x}?detail=dataonly&format=csv,https://api.data.abs.gov.au/data/ANA_AGG/M5.TTR.10.AUS.Q?detail=dataonly&format=jsondata,ABS,Australian Bureau of Statistics,,,TIME_PERIOD,OBS_VALUE,1
aus,hosd,https://api.economicsobservatory.com/aus/hosd,https://api.data.abs.gov.au/data/RPPI/3.3.1GSYD.Q?detail=dataonly&format=jsondata,3.3.1GSYD.Q,RPPI,House prices - Sydney,% change,https://api.data.abs.gov.au/data/${y}/${x}?detail=dataonly&format=csv,https://api.data.abs.gov.au/data/RPPI/3.3.1GSYD.Q?detail=dataonly&format=jsondata,ABS,Australian Bureau of Statistics,,,TIME_PERIOD,OBS_VALUE,1
aus,hous,https://api.economicsobservatory.com/aus/hous,https://api.data.abs.gov.au/data/RPPI/3.3.100.Q?detail=dataonly&format=jsondata,3.3.100.Q,RPPI,House prices,% change -eight capitals,https://api.data.abs.gov.au/data/${y}/${x}?detail=dataonly&format=csv,https://api.data.abs.gov.au/data/RPPI/3.3.100.Q?detail=dataonly&format=jsondata,ABS,Australian Bureau of Statistics,,,TIME_PERIOD,OBS_VALUE,1
nga,infl,https://api.economicsobservatory.com/nga/infl,https://nigeria.opendataforafrica.org//api/2.0/data?datasetId=NGNBSNCPIR2017&timerange=1970M1-2025M12&location=NG&item=KN.I1&indicator=KN.N1&measure=KN.M8,,,Inflation,,https://nigeria.opendataforafrica.org//api/2.0/data?datasetId={x}&timerange=2008M1-2018M12&location=NG&item=KN.I1&indicator=KN.N1&measure=KN.M8,https://nigeria.opendataforafrica.org//api/2.0/data?datasetId=NGNBSNCPIR2017&timerange=1970M1-2025M12&location=NG&item=KN.I1&indicator=KN.N1&measure=KN.M8,NBS,Nigerian Bureau of Statistics,,,,,
nga,debt,https://api.economicsobservatory.com/nga/debt,https://cb-nigeria.opendataforafrica.org//api/2.0/data?datasetId=dgrxjlb&indicator=GGALN_G01_XDC,,,Debt,,https://cb-nigeria.opendataforafrica.org//api/2.0/data?datasetId={x}&indicator={y},https://cb-nigeria.opendataforafrica.org//api/2.0/data?datasetId=dgrxjlb&indicator=GGALN_G01_XDC,CBN,Central Bank of Nigeria,,,,,
nga,popu,https://api.economicsobservatory.com/nga/popu,https://nso-nigeria.opendataforafrica.org/api/2.0/data?datasetId=seujnx&indicator=99Z...F...{Z},,,Population,,https://nso-nigeria.opendataforafrica.org/api/2.0/data?datasetId={y}&indicator={x},https://nso-nigeria.opendataforafrica.org/api/2.0/data?datasetId=seujnx&indicator=99Z...F...{Z},NBS,Nigerian Bureau of Statistics,,,,,
nga,unem,https://api.economicsobservatory.com/nga/unem,https://nso-nigeria.opendataforafrica.org/api/2.0/data?datasetId=bgzgbcg&timerange=1970-2025&frequency=A&state=NG&indicator=6201019,,,Unemployment,,,https://nso-nigeria.opendataforafrica.org/api/2.0/data?datasetId=bgzgbcg&timerange=1970-2025&frequency=A&state=NG&indicator=6201019,NBS,Nigerian Bureau of Statistics,,,,,
nga,grow,https://api.economicsobservatory.com/nga/grow,https://nso-nigeria.opendataforafrica.org/api/2.0/data?datasetId=sxyxbgb&indicator=KN.A4,,,Growth,,,https://nso-nigeria.opendataforafrica.org/api/2.0/data?datasetId=sxyxbgb&indicator=KN.A4,NBS,Nigerian Bureau of Statistics,,,,,
ken,infl,https://api.economicsobservatory.com/ken/infl,https://kenya.opendataforafrica.org/api/2.0/data?datasetId=bwopdtc&indicator=I1,,,Inflation,,,https://kenya.opendataforafrica.org/api/2.0/data?datasetId=bwopdtc&indicator=I1,KBS,Kenya National Bureau of Statistics,,,,,
ken,impo,https://api.economicsobservatory.com/ken/impo,https://kenya.opendataforafrica.org/api/2.0/data?datasetId=helbnag&country=C64,,,Imports,,,https://kenya.opendataforafrica.org/api/2.0/data?datasetId=helbnag&country=C64,KBS,Kenya National Bureau of Statistics,,,,,
ken,expo,https://api.economicsobservatory.com/ken/expo,https://kenya.opendataforafrica.org/api/2.0/data?datasetId=offumx&timerange=1970M1-2025M12&indicator=I1,,,Exports,,,https://kenya.opendataforafrica.org/api/2.0/data?datasetId=offumx&timerange=1970M1-2025M12&indicator=I1,KBS,Kenya National Bureau of Statistics,,,,,
jpn,unem,https://api.economicsobservatory.com/jpn/unem,https://dashboard.e-stat.go.jp/api/1.0/Json/getData?Lang=EN&IndicatorCode=0301010000020020010&RegionalRank=2,,,Unemployment,,,https://dashboard.e-stat.go.jp/api/1.0/Json/getData?Lang=EN&IndicatorCode=0301010000020020010&RegionalRank=2,SBJ,Statistics Bureau of Japan,,,,,
jpn,empl,https://api.economicsobservatory.com/jpn/empl,https://dashboard.e-stat.go.jp/api/1.0/Json/getData?Lang=EN&IndicatorCode=0301010000010020000&RegionalRank=2,,,Employment rate,,,https://dashboard.e-stat.go.jp/api/1.0/Json/getData?Lang=EN&IndicatorCode=0301010000010020000&RegionalRank=2,SBJ,Statistics Bureau of Japan,,,,,
jpn,empd,https://api.economicsobservatory.com/jpn/empd,https://dashboard.e-stat.go.jp/api/1.0/Json/getData?Lang=EN&IndicatorCode=0301010000010010010&RegionalRank=2,,,Employed,,,https://dashboard.e-stat.go.jp/api/1.0/Json/getData?Lang=EN&IndicatorCode=0301010000010010010&RegionalRank=2,SBJ,Statistics Bureau of Japan,,,,,
jpn,popu,https://api.economicsobservatory.com/jpn/popu,https://dashboard.e-stat.go.jp/api/1.0/Json/getData?Lang=EN&IndicatorCode=0201010000000010000&RegionalRank=2,,,Population,,,https://dashboard.e-stat.go.jp/api/1.0/Json/getData?Lang=EN&IndicatorCode=0201010000000010000&RegionalRank=2,SBJ,Statistics Bureau of Japan,,,,,
